0,2022-07-15 15:11:48,"Bagi pemilik kendaraan yang hendak membeli Bahan Bakar Minyak (BBM) bersubsidi seperti Pertalite dan solar di Kota Gorontalo, tak ada salahnya mulai membiasakan diri menggunakan aplikasi Mypertamina.

#MyPertamina
#KotaGorontalo
#GoposId https://t.co/b4DUlq9Zok",gopos.id,0,0
1,2022-07-15 11:53:53,"Konsumen: Pendaftaran MyPertamina untuk Beli BBM Bersubsidi Ribet dan Sangat Detil #sonar #wartasonora #sonorabandung #mypertamina #aplikasiribet #bbmbersubsidi #bbm #pertamina
Klik untuk baca: https://t.co/vMpBoE91EN",Radio Sonora Bandung,2,0
2,2022-07-15 11:27:56,"Pendaftaran MyPertamina sudah bisa diakses 3 kota di Jawa Timur ini, berikut penjelasan serta cara daftarnya.
#mypertamina #MyPertaminaUnFaedah #Pertamina
https://t.co/841hSNFeDX",Jember Network,0,0
3,2022-07-15 10:22:02,Konsumen Nilai Pendaftaran BBM Bersubsidi Perlu Disederhanakan https://t.co/yD0i2bpZGQ #Mypertamina #Bbm #Sederhana #Wahananewsco,Wahana News Official,0,3
4,2022-07-15 08:21:59,@donjasn @iwanpiliang7 @YouTube betul itu .. blockchain bukan crtypto dan indonesia dari 5.0 jeblok ke 2.0 gara2 ngisi motor bebek pake aplikasi #mypertamina,#WeAreHiring üóπ,0,0
5,2022-07-15 06:05:33,"Karena, semakin banyak kamu melakukan transaksi maka semakin besar pula kesempatan kamu buat jadi salah satu pemenang di #MyPertaminaTebarHadiah üòé

#SelalujadiAndalan #PerfectionInPerformance #LebihBaikPertamax #MyPertamina #Call135",Pertamax Series ID,0,0
6,2022-07-15 06:05:33,"Nah! Kalo kamu mau menjadi salah satu pemenang yang mendapatkan motor keren ini, jangan lupa perbanyak transaksi pembelian Pertamax Series dengan aplikasi @mypertamina ya.

#SelalujadiAndalan #PerfectionInPerformance #LebihBaikPertamax #MyPertamina #Call135",Pertamax Series ID,0,0
7,2022-07-15 06:05:32,"Jadi, manakah bagian yang tepat untuk melengkapi Vespa LX 125 i-get 2022 yang hilang ini? Kalo udah ketemu langsung aja tulis di kolom komentar ya!

#SelalujadiAndalan #PerfectionInPerformance #LebihBaikPertamax #MyPertamina #Call135 https://t.co/FSODmkwfkF",Pertamax Series ID,0,0
8,2022-07-15 06:00:06,"Lalu, isi Solar subdisi atau Pertalite sesuai dengan ketentuan yang berlaku dan lakukan pembayaran menggunakan metode tunai atau non-tunai.

Info lebih lengkap silakan hubungi Pertamina Call Center di 135.

#MyPertamina #Call135 #SubsidiTepatSasaran",MyPertamina,8,7
9,2022-07-15 05:00:00,"Hai SohIB! Beli #BBM bersubsidi untuk kendaraan roda 4 kini mulai menggunakan aplikasi #MyPertamina. Bagaimana cara belinya? 

#IndonesiaBaik #YangMudaSukaData #EdukasiInformasi #Infografis #Pertalite #Solar #KominfoNewsroom @MyPertaminaID https://t.co/MOP7xsuPFL",Indonesia Baik,1,1
10,2022-07-14 14:20:20,"Daftar Motor Dilarang Beli Pertalite Menurut BPH Migas, dari Merek Yamaha hingga Kawasaki 

Bagaimana aturannya? Simak selengkapnya melalui lunk di bawah ini!
https://t.co/TRCzHsc0EM 

#Motorsport #MyPertamina #pemerintah #Trending #FYP #fyp„Ç∑ #cari #dicari #terkenal #populer",Syifaa Fariidah,0,0
11,2022-07-14 10:34:44,"Pertamina catat 79ribu lebih kendaraan terdaftar untuk mendapat bbm subsidi

https://t.co/M4r7FPvlau

#ptpertamina #bbm #bbmsubsidi #mypertamina #madiun #mojokerto #malang #pertalite #Lensaindonesiacom",lensaindonesia.com,0,0
12,2022-07-14 05:10:13,"Apalagi ditambah bonus senyuman hangat kayak si mbak nih. Pokoknya semangat buat beraktivitas langsung meningkat!

#SelaluJadiAndalan #PerfectionInPerformance #LebihBaikPertamax #MyPertamina #Call135",Pertamax Series ID,0,0
13,2022-07-13 16:16:04,"Program Subsidi Tepat MyPertamina di Bali, Ajak Pengendara Blue Bird untuk Mendaftarkan Kendaraannya
 #Bali #bird #Bisnis #BLUe #Denpasar #Ekonomi #kendaraannya #mendaftarkan #MyPertamina #pengendara #Pertalite #Pertamax #Pertamina #program #Subsidi #tep

https://t.co/Galq9pkHj6 https://t.co/gYincwlYBu",BALIPORTALNEWS.com,0,0
14,2022-07-13 15:34:04,"Tambah Lokasi Pendaftaran Subsidi Tepat BBM, Pertamina Ajak Masyarakat di Wilayah Jatimbalinus untuk Daftarkan Kendaraannya
 #BBM #BBMSubsidi #Bisnis #daftarkan #Denpasar #Ekonomi #Jatimbalinus #kendaraannya #lokasi #Masyarakat #MyPertamina #nasional #pe

https://t.co/4RGFWDVTXS https://t.co/no7BAJA1kq",BALIPORTALNEWS.com,0,0
15,2022-07-13 11:21:41,"Negara maju mana yang beli bbm pake aplikasi ??

@interaksiumat

#pertalite #mypertamina #interaksiumat https://t.co/Q3X4hl3Yg5",rgeo96 Reborn,3,1
16,2022-07-13 11:07:12,"Presiden Joko Widodo (Jokowi) menjamin harga bahan bakar minyak (BBM) bersubsidi, listrik, dan gas LPG tiga kilogram tidak akan naik hingga akhir tahun

#bbm #pertamina #mypertamina #jokowi #cekdulumedcom 

https://t.co/QlfhUSk4PU https://t.co/zoZ4YftpUH",medcom_id,22,5
17,2022-07-13 11:00:02,"Hai SohIB! Sebenarnya aman ga sih pakai #HP di #SPBU, apalagi sekarang kan beli #BBM pakai aplikasi #MyPertamina di #Smartphone.

#IndonesiaBaik #YangMudaSukaData #EdukasiInformasi #Infografis    #KominfoNewsroom @MyPertaminaID https://t.co/Xtsxw4RVGi",Indonesia Baik,8,5
18,2022-07-13 09:08:50,"Warga Semarang merapat dulu yuk!
 
Wali Kota Semarang Bapak Hendrar Prihadi @hendrarprihadi titip pesan nih agar subsidi dari negara ini tepat sasaran.

Jangan lupa bagikan informasi ini ke teman dan kerabat kamu ya!

#Pertamina
#PatraNiagaRJBT
#MyPertamina
#Call135 https://t.co/x1BM4sW1ox",Pertamina Patra Niaga RJBT,45,22
19,2022-07-13 09:05:00,Pertamina juga mengumumkan 11 titik di Bali yang bisa menjadi lokasi registrasi offline. #pertamina #subsidiBBM #mypertamina #bali https://t.co/5a2l1bigk4,kanalbali,0,0
20,2022-07-13 08:36:38,"Mulai kemarin tanggal 11 Juli 2022 dilakukan perluasan pendaftaran subsidi termasuk tiga kota di Jatim, yakni Kota Madiun, Kota Mojokerto dan Kota Malang di Jawa Timur.

Selengkapnya Baca di https://t.co/NG9nmeahYf
#news #malang  #mojokerto  #madiun #madiunhits #mypertamina https://t.co/7QyctP7BqG",Klik Times,1,0
21,2022-07-13 05:10:07,"Update kunker DPR RI di NTB: Nelayan dan pelaku UMKM bisa membeli BBM bersubsidi, Pertamina jangan mempersulit #MyPertamina https://t.co/oNjjc315C1",JPNN.com,0,0
22,2022-07-13 05:08:47,"Yuk, ikuti langkah-langkah berikut. Namun sebelumnya pastikan SohIB sudah terdaftar dan terkonfirmasi di laman https://t.co/o3HgbxFdp3 ya. 

#IndonesiaBaik #YangMudaSukaData #EdukasiInformasi #Infografis #BBM #BBMSubsidi #Pertalite #SPBU #QRCode #MyPertamina #KominfoNewsroom https://t.co/zEvFPCkhcc",Indonesia Baik,4,0
23,2022-07-13 05:05:32,"Yaudah yuk, langsung aja iisi full-tank kendaraan kesayangan kamu dengan #LebihBaikPertamax hari ini üíô

#SelaluJadiAndalan #PerfectionInPerformance #LebihBaikPertamax #MyPertamina #Call135",Pertamax Series ID,2,2
24,2022-07-13 05:05:31,"Apalagi transaksinya pakai aplikasi @mypertamina yang bikin kamu bisa dapet poin serta Kupon Undian #MyPertaminaTebarHadiah üòé

#SelaluJadiAndalan #PerfectionInPerformance #LebihBaikPertamax #MyPertamina #Call135",Pertamax Series ID,2,2
25,2022-07-13 05:05:30,"Paling favorit emang mengisi waktu dengan berbagai hal yang bermanfaat.

Salah satunya adalah mengisi #LebihBaikPertamax agar kesehatan mesin kendaraan jadi lebih sehat.

#SelaluJadiAndalan #PerfectionInPerformance #LebihBaikPertamax #MyPertamina #Call135 https://t.co/iDFkosQMPF",Pertamax Series ID,2,2
26,2022-07-13 05:00:00,"Hai SohIB! @pertamina memberikan solusi untuk membeli #BBMSubsidi dengan #QRCode tanpa ponsel. Bagaimana caranya? 

#IndonesiaBaik #YangMudaSukaData #EdukasiInformasi #Infografis #BBM #Pertalite #SPBU  #MyPertamina #KominfoNewsroom https://t.co/q92lshkTc5",Indonesia Baik,10,6
27,2022-07-13 04:59:34,"Apabila kamu belum mendapatkan Kode QR, kamu tetap bisa melakukan pengisian BBM Subsidi sampai 31 Juli 2022 dengan batasan 20 liter per-hari.

Untuk Info lebih lanjut, silakan hubungi Pertamina Call Center 135 ya.

#MyPertamina #Call135 #SubsidiTepatSasaran",MyPertamina,7,4
28,2022-07-13 04:59:33,"Min, saya udah daftar dan berhasil nih! Tapi kok nggak dapet Kode QR-nya ya? Terus nanti gimana nih kalau mau ngisi BBM Subsidi tapi Kode QR-nya belum ada?

Tenang aja sob! Untuk proses mendapatkan Kode QR itu paling lama 7 hari. 

#MyPertamina #Call135 #SubsidiTepatSasaran https://t.co/gvmIczkj1v",MyPertamina,8,5
29,2022-07-13 04:50:06,"Aplikasi MyPertamina perlu disosialisasikan dengan lebih serius, Pemkot Mataram minta Pertamina lebih optimal #MyPertamina https://t.co/C5MgZiRRnT",JPNN.com,0,0
30,2022-07-12 23:35:44,"MENYESATKAN, Video Mobil Terbakar di SPBU Wero Gombong Lantaran Gunakan Aplikasi MyPertamina #mobilterbakar #MyPertamina #cekfakta

https://t.co/ogtjk75z7U",tempocekfakta,0,0
31,2022-07-12 16:01:36,Pertamina Perluas Daerah Pendaftaran MyPertamina di Jatim https://t.co/V3tbqnBpEc #Bisnis #aplikasimypertamina #BBMSubsidi #mypertamina #pertalite,inilahcom,1,0
32,2022-07-12 13:19:04,70 Ribu Telah Terdaftar di MyPertamina https://t.co/22NRURFCtf #QrCode #ScanCode #Pertamina #Mypertamina,Wahana News Official,0,3
33,2022-07-12 13:17:21,"Mobil Pengguna Pertalite dan Solar Subsidi di Kota #Madiun Diimbau Cepat Daftar Subsidi Tepat BBM - #MadiunInfo #InformasiMadiun #beritamadiun #MadiunNews #kabarMadiun #peristiwamadiun #pertamina #mypertamina #bbm #pertalite #solar #KotaMadiun #MadiunKota

https://t.co/2tzHV5d6bX",Informasi Madiun,0,0
34,2022-07-12 12:45:50,"Padahal tinggal semua mobil tidak diperkenankan menggunakan #bbmsubsidi tak perlu repot-repot mendata/ mendaftar #mypertamina 
Selain itu pemilik mobil wajib memiliki garasi.",MoTho,0,0
35,2022-07-12 10:50:06,Update kunjungan DPR RI di Kota Mataram: Ada larangan keras bagi seluruh kendaraan dinas  #MyPertamina https://t.co/MWHWuI29dd,JPNN.com,0,0
36,2022-07-12 09:52:09,"Pertamina Buka Booth Untuk Bantu Warga Kota Madiun Daftarkan Kendaraan Dapatkan BBM Bersubsidi.

Madiun (https://t.co/ksziGGG4m3) ‚Äì Sudah banyak masyarakat yang mendaftarkan kendaraan untuk dapat‚Ä¶ https://t.co/8OnUkiPfst #mypertamina #pertamina #pertaminapatraniaga #beritamigas",beritajatim,0,0
37,2022-07-12 06:33:33,"Hack Aplikasi MyPertamina Saldo Tak Terbatas‚ÄºÔ∏è

Informasi di atas 100% HOAKS‚ùå‚õî

Selengkapnya di:
https://t.co/i6d7fBGof6

#hoaks #jalahoaks #jakarta #jakartakolaborasi #mypertamina #pertamina https://t.co/W0bmwoPPMg",jalahoaks,1,0
38,2022-07-12 05:56:09,"Jangan Asal Masuk! Ada 3 Warna SPBU Pertamina, Ternyata Ini Perbedaannya

#SPBU #Pertamina #MyPertamina #solar #pertalite #berita #viral #TikTok #Twitter #news #BeritaJogja #Berlin #TrendingTopics #HotTrendingSongs #‡πÑ‡∏ö‡∏£‡πå‡∏ó‡∏ß‡∏¥‡∏ô #UkraineRussiaWar #jhope #F1
 https://t.co/RIPhPswNA0",DuniaFintech.com,0,0
39,2022-07-12 05:41:48,"Cara Mendapatkan QR Code MyPertamina yang Beli Pertalite dan Solar 
#aplikasi #MyPertamina
#Pertalite #QRCode #Solar
https://t.co/X8wX1YoC6m lewat @selularid",SelularID,1,1
40,2022-07-12 05:38:13,"Motor kalian ada di daftar ga?
#MyPertamina https://t.co/jOEXnlZOU1",Mamo,1,0
41,2022-07-12 05:04:28,"Ayo isi Pertamax Turbo sekarang dan rasakan akselerasi dan performa mesin kendaraan yang nggak kenal kendor üëäüèª

#SelaluJadiAndalan #PerfectionInPerformance #LebihBaikPertamax #MyPertamina #Call135",Pertamax Series ID,5,5
42,2022-07-12 05:00:28,"Untuk info lebih lanjut kamu bisa hubungi Pertamina Call Center di 135 ya.

#MyPertamina #Call135",MyPertamina,2,1
43,2022-07-12 05:00:27,"Ada banyak fitur yang bisa kamu gunain, misalnya buat pembelian BBM, loyalty program, promo dan ada juga produk - produk ramah lingkungan dari Pertamina. Jadi, Yuk buruan download sekarang juga!

#MyPertamina #Call135 https://t.co/PVrIdQF4Ty",MyPertamina,6,5
44,2022-07-12 05:00:24,"Banyak alasan buat kamu punya aplikasi MyPertamina nih, Sob!

#MyPertamina #Call135 https://t.co/KTC9P6bgGU",MyPertamina,7,5
45,2022-07-11 23:49:32,"Bayar BBM Pakai Aplikasi Bisa Picu Ledakan di SPBU? Cek Faktanya...

https://t.co/FISo8XeMEl

#MyPertamina #BBM",Mainmain,0,0
46,2022-07-11 23:00:01,"[HOAKS atau FAKTA]: Mobil terbakar di SPBU karena isi BBM pake aplikasi MyPertamina. 

#merahputihcom #spbu #mypertamina #bbm #kebakaran 

https://t.co/ZJgGw6vR8D",newsmerahputih,0,0
47,2022-07-11 15:14:23,PENTING !! WASPADA #scam #Phishing #MyPertamina  https://t.co/jr7wKMwMie,LULABELLES,0,0
48,2022-07-11 14:03:23,"Naik nya harga bbm demi kesejahteraan siapa ?? @interaksiumat #bbm #pertalite #mypertamina
@PangLima_Senyap 
@YukHijrah_New https://t.co/BPhe7ZvxMm",AnissaSri,10,1
49,2022-07-11 07:40:38,"Jangan lupa siapkan data yang diperlukan ya!

#PatraNiagaRJBT
#Pertamina
#MyPertamina
#Call135
#SubsidiTepatSasaran",Pertamina Patra Niaga RJBT,16,0
50,2022-07-11 06:29:36,Harga Pertamax Turbo dan Bright Gas Naik https://t.co/0wN5z40OcQ #Pertamax #BBM #MyPertamina #berita #nusabali #BrightGas #PertamaxTurbo,NusaBali.com,0,0
51,2022-07-11 05:11:00,"Jadi, jangan lupa isi full tank kendaraan kamu dengan #LebihBaikPertamax hari ini ya!

Happy monday, semuanya ü§ó

#SelaluJadiAndalan #PerfectionInPerformance #LebihBaikPertamax #MyPertamina #Call135",Pertamax Series ID,12,12
52,2022-07-11 05:08:32,"Yuk untuk info lebih lanjut kamu bisa hubungi Pertamina Call Center di 135 ya.

#MyPertamina #Call135",MyPertamina,0,0
53,2022-07-11 05:08:31,"Jadi gini, mimin kasih informasi kalo aplikasi MyPertamina itu cuma salah satu dari 3 channel yang ada buat kamu bisa daftar diprogram Subsidi Tepat ini. Masih ada cara lainnya kok kalo kamu masih bingung.

#MyPertamina #Call135 https://t.co/NFBZqerO5i",MyPertamina,3,3
54,2022-07-11 05:08:28,"Diantara kamu, masih ada yang bingung kan apa kaitannya Subsidi Tepat dengan aplikasi MyPertamina?

#MyPertamina #Call135",MyPertamina,6,2
55,2022-07-11 04:33:18,"Harga Tiga Jenis BBM Non Subsidi Naik, Ini Penjelasannya

https://t.co/1nvDk6c3gk

#bbm #bbmnonsubsidi #hargabbm #bensin #pertamina #mypertamina",SUARAMERDEKA.COM,0,0
56,2022-07-11 04:23:56,"Manajemen PT Pertamina Patra Niaga memastikan tidak ada kenaikan harga bahan bakar subsidi jenis pertalite, solar, dan elpiji tiga kg di tengah adanya penyesuaian harga BBM nonsubsidi.

#mypertamina #pertamina #pertalite #solar #cekdulumedcom

https://t.co/ZZbLNEhAHx https://t.co/jKHx6Xpw1l",medcom_id,0,0
57,2022-07-10 22:44:23,"Ini Penyebab Pertamina Naikkan Harga Pertamax Turbo dan LPG Nonsubsidi

https://t.co/cSkwLy7HRr

#pertamax #PertamaxTurbo #LPG #nonSubsidi #BBMNaik #bbm #pertamina #finance #keuangan #infosec #mypertamina",Official NusantaraTv,2,1
58,2022-07-10 13:30:51,"Soalnya, pembakaran optimal dari RON 92 yang ada di Pertamax bakalan ngejaga mesin kamu tetap sehat selama dipakai berkendara üòé

So, are you ready for riding with Pertamax?

#LebihBaikPertamax #MyPertamina #Call135",Pertamax Series ID,1,0
59,2022-07-10 13:30:50,"RIDING MAX WITH PERTAMAX!

Jangan sampe riding gak cool gara-gara mesin amburadul dan mogok di jalan yang bikin pegel dengkul ü•¥

Oleh karena itu, selalu isi #LebihBaikPertamax untuk kendaraan kamu sebelum berangkat riding ya!

#LebihBaikPertamax #MyPertamina #Call135 https://t.co/cjibBsQzOQ",Pertamax Series ID,1,0
60,2022-07-10 08:48:18,"Penggunaan MyPertamina diterapkan pada kendaraan yang sudah mendaftar untuk pengisian BBM bersubsidi jenis Solar dan Pertalite. Baca disini.

#portalyogya #MyPertamina 

https://t.co/5N43jO2HRl",portalyogya.com,0,0
61,2022-07-10 08:09:44,"""Kalau udah kejadian gini siapa yg mo TANGGUNG JAWAB??

MyPertamina 
Nah sdh ada kejadian akibat peraturan goblok dalam mengisi bbm menggunakan aplikasi ‚úçÔ∏èTadi sore di spbu desa Wero gombong‚Ä¶""&lt;/title&gt; 

#mypertamina #aplikasi #spbu https://t.co/QbDMU4f97c",Yyana_,2,2
62,2022-07-10 07:36:10,"MyPertamina, Aplikasi tidak menimbulkan transmisi tinggi yang dapat menyebabkan kebakaran
#MyPertamina https://t.co/aQTMb6K8sa",asui shiteru,0,0
63,2022-07-10 07:35:12,"MyPertamina, Aplikasi tidak menimbulkan transmisi tinggi yang dapat menyebabkan kebakaran
#MyPertamina https://t.co/nd8bD0SKHr",Senam,0,0
64,2022-07-10 07:34:29,"MyPertamina, Aplikasi tidak menimbulkan transmisi tinggi yang dapat menyebabkan kebakaran
#MyPertamina https://t.co/JNIDrXzaOT",In premiera,0,0
65,2022-07-10 01:25:56,"kirain ngantri daging kurban mau pake aplikasi #Mydomba 
#MyPertaminaUnFaedah 
#mypertamina 
#ieduladha #AdhaMubarak #Qurban #domba #sapi #daging",inoe nugraha,0,0
66,2022-07-10 01:04:42,"Selamat memperingati hari raya Idul Adha 1443 Hijriah

Semoga kekuatan iman dan keberkahan senantiasa dilimpahkan dalam kehidupan kita semua ‚ù§

#SelaluJadiAndalan #PerfectionInPerformance #LebihBaikPertamax #MyPertamina #Call135 https://t.co/fpHF3vOKTa",Pertamax Series ID,0,0
67,2022-07-10 00:21:42,"Selamat Hari Raya Idul Adha, Semoga Allah melimpahkan rahmat kepada kita dan menerima doa-doa kita.

#MyPertamina #Call135 #IdulAdha https://t.co/nyS4Xfb3op",MyPertamina,3,0
68,2022-07-09 13:05:21,"Pendaftaran kendaraan untuk BBM bersubsidi bisa diakses melalui aplikasi MyPertamina dan dengan 2 cara lainnya. Baca selengkapnya disini.

#portalyogya #MyPertamina 

https://t.co/JSnNDxondA",portalyogya.com,0,0
69,2022-07-09 10:40:02,"@OposisiCerdas Tradisi negara penginduk kapitalisme adl subsidi dianggap beban. Aplikasi  #MyPertamina dibuat untuk membatasi peredaran #pertalite yang tersedia di SPBU #Pertamina.
Negara yang thayyib selengkapnya lihat di Serba-serbi #mmc : https://t.co/5cyIb9OADy https://t.co/w09hWH5WDD",Kapitalisme yang esistm,0,0
70,2022-07-09 08:00:43,"Jadi, gak perlu repot bikin akun terus untuk setiap mobilnya.

Kalau mau lebih jelas lagi, silakan hubungi Pertamina Call Centre 135.

#MyPertamina #Call135 #SubsidiTepatSasaran",MyPertamina,1,0
71,2022-07-09 08:00:42,"Iya sob! Teruntuk kamu yang punya usaha rental atau memiliki beberapa kendaraan, cukup daftar 1 akun aja. Karena, setiap kendaraan yang kamu daftarkan dalam 1 akun, masing-masing akan mendapatkan 1 QR Code yang berbeda.

#MyPertamina #Call135 #SubsidiTepatSasaran https://t.co/wNVy0ty9uh",MyPertamina,1,0
72,2022-07-09 08:00:37,"Daftar Solar subsidi atau Pertalite roda 4 cukup 1 akun aja? Masa sih, min?

#MyPertamina #Call135 #SubsidiTepatSasaran",MyPertamina,2,1
73,2022-07-09 08:00:00,"Anggota DPR RI, Mulyanto mengatakan penggunaan MyPertamina ribet dan bikin heboh di masyarakat

#merahputihcom #dpr #pertamina #bensin #mypertamina 

https://t.co/02qbRlh2G4",newsmerahputih,0,0
74,2022-07-09 07:34:56,"Buka aplikasi MyPertamina sekarang dan ayo mulai vote jagoan masak biar menang banyak! 

#BrightGasCompetition #BrightGas #Call135 #MyPertamina",brightgas,0,0
75,2022-07-09 07:17:52,Hati - hati #MyPertamina https://t.co/c7aPAbU5Nu,Ajuansyah Surbakti,2,1
76,2022-07-09 05:06:49,"Pokoknya, kesempatan masih terbuka lebar! Dan yang terpenting kamu harus perbanyak transaksi pembelian Pertamax Series menggunakan aplikasi Mypertamina ya!
Pasti mau Vespa LX 125 i-get kan? Let‚Äôs go and good luck!

#PerfectionInPerformance #LebihBaikPertamax #MyPertamina #Call135",Pertamax Series ID,0,0
77,2022-07-09 05:06:49,"Ayok siapa lagi yang mau mengukir pengalaman dan skill di CV buat menangin hadiah dari #MyPertaminaTebarHadiah kayak Pak Ntang Mienyerach nih?!

#PerfectionInPerformance #LebihBaikPertamax #MyPertamina #Call135",Pertamax Series ID,0,0
78,2022-07-09 05:06:48,"Muantab sekali dua kali tiga kali, Pak! 

Nih salah satu contoh CV dari Pak Ntang yang skillnya ngebawa dia jadi pemenang MyPertamina Tebar Hadiahü§©

#PerfectionInPerformance #LebihBaikPertamax #MyPertamina #Call135 https://t.co/N3GyBFBPxo",Pertamax Series ID,0,0
79,2022-07-09 04:23:04,"Sudah keluar, daftar mobil yang gak boleh pakai Pertalite. Cekidot. #mypertamina #pertalite #pertamina https://t.co/IlFMO2g8Q6",Rhendy,0,0
80,2022-07-09 03:13:43,"@pertamina saat terakhir daftar #mypertamina  ada tulisan gagal (sepertinya ada yg salah), tapi tidak diberi tahu salah dimana.
Kenapa klo software pemerintah ribet banget dibanding misalnya bank swasta. ü§≠ü§≠",Heru BRILIYANTO,0,0
81,2022-07-09 02:19:17,"PT Pertamina membuka delapan booth konsultasi program pendaftaran MyPertamina yang telah berlangsung sejak 1 Juli 2022.

#merahputihcom #pertamina #mypertamina #BBM #bensin 

https://t.co/ooV6NrnQWi",newsmerahputih,0,0
82,2022-07-09 02:08:45,"Untuk informasi lebih lengkapnya, langsung hubungi Pertamina Call Center 135 ya!

#MyPertamina #Call135 #SubsidiTepatSasaran",MyPertamina,1,0
83,2022-07-09 02:08:45,"Tapi jangan lupa! Agar proses pendaftarannya lancar dan nggak bolak-balik, ada baiknya menyiapkan sejumlah dokumen yang diperlukan seperti: KTP, Foto Diri, STNK, KIR, dan sejumlah dokumen lainnya.

#MyPertamina #Call135 #SubsidiTepatSasaran https://t.co/9O1ImkHDWL",MyPertamina,1,0
84,2022-07-09 02:08:42,"Ini nih sob, buat kamu yang masih nanya soal lokasi pendaftaran offline tahap 1 ada dimana aja. Bisa langsung kamu lihat di gambar ya!

#MyPertamina #Call135 #SubsidiTepatSasaran https://t.co/TCerxfMIR0",MyPertamina,2,1
85,2022-07-09 00:07:18,"Bikin Gaduh, Sebaiknya Penggunaan #MyPertamina Dihentikan https://t.co/HKPCkRtYmG",SKOR News (Official Redaksi),1,0
86,2022-07-08 16:30:01,PT Pertamina mengingatkan masyarakat berhati-hati ketika menggunakan aplikasi MyPertamina. Bisa pencurian data #mypertamina https://t.co/eYWT77zUeG,GenPI.co,0,0
87,2022-07-08 14:19:53,"Kejadian di spbu mlam ini
Petugas : pertalite kosong pertalite kosonh
Me : lah kenapa mas?
Petugas : kosong ya kosong 
Me : wooo . Jancukk !!! tak kira kosong adalah isi

Mlipir deh beli pertamax gan 

#MyPertamina",Frenki S,0,0
88,2022-07-08 13:32:27,"Minta Penggunaan MyPertamina Dihentikan, Anggota Komisi VII: Ribet dan Bikin HebohÔøº https://t.co/wd6fFL1BJUÔøº/ #MyPertamina #Pertalite #Pertamina #PKS",fajar online,0,0
89,2022-07-08 11:53:43,"Udah tau kan sob harus hubungi kemana?

#pertamina
#PatraNiagaRJBT
#MyPertamina https://t.co/xUIDhwwXU2",Pertamina Patra Niaga RJBT,32,14
90,2022-07-08 09:37:02,"Semenjak adanya kebijakan menggunakan MyPertamina saat melakukan pengisian bahan bakar, beredar video kejadian kebakaran disebuah SPBU. 

Simak CEK FAKTA SPBU Terbakar Efek Bayar Pakai HP pada 1 Juli 2022 dalam #Suaragrafis berikut!

#MyPertamina #CekFakta #SPBUTerbakar https://t.co/7r3h1w6dZB",suaradotcom,0,0
91,2022-07-08 09:32:19,"Di tengah ramainya pro&amp;kontra, muncul bbrp potret yg perlihatkan sederet¬†mobil¬†mewah yg diduga beli¬†BBM¬†bersubsidi.
Ini memantik reaksi2 warganet, termasuk pernyataan kesetujuan diterapkannya MyPertamina utk pengguna kendaraan. 
#MyPertamina
#subsiditepat

https://t.co/JIB8nx1YkF",Agen Toleransi,0,0
92,2022-07-08 08:54:33,Pertamina Katakan MyPertamina Bukan Cara Tunggal Beli Pertalite https://t.co/UjsORz8i6C #Spbu #Mypertamina #Pertalite #Organda,Wahana News Official,0,3
93,2022-07-08 07:24:46,"Aplikasi MyPertamina merupakan terobosan dalam distribusi BBM agar lebih adil, transparan dan adil! #MyPertamina
#BBM https://t.co/AHR8Aym7Uz",asui shiteru,0,0
94,2022-07-08 07:23:45,"Aplikasi MyPertamina merupakan terobosan dalam distribusi BBM agar lebih adil, transparan dan adil! #MyPertamina
#BBM https://t.co/e1p4BYeds6",Senam,0,0
95,2022-07-08 07:22:58,"Aplikasi MyPertamina merupakan terobosan dalam distribusi BBM agar lebih adil, transparan dan adil! #MyPertamina
#BBM https://t.co/0W98whVhME",In premiera,0,0
96,2022-07-08 05:00:19,"Nah! Jadi, sudah siap berkendara dengan penuh semangat bareng Pertamax Turbo?!

#SelaluJadiAndalan #PerfectionInPerformance #LebihBaikPertamax #MyPertamina #Call135",Pertamax Series ID,4,4
97,2022-07-08 03:46:32,"Anggota Komisi VI DPR RI,Deddy Yevri Hanteru Sitorus menekankan Pertamina memikirkan cara-cara lain pendistribusian Bahan Bakar Minyak (BBM) bersubsidi pada masyarakat selain dengan aplikasi MyPertamina.  https://t.co/ZCTE87tcNu #Pertamina #BUMN #DPRRI #MyPertamina #beritagemapos",GEMA POS,0,0
98,2022-07-08 03:37:03,"Anggota Komisi VI DPR RI, I Nyoman Parta meminta Pertamina memperhatikan manfaat dan mekanisme untuk petani dan nelayan kecil dalam akses MyPertamina dalam mendapatkan BBM.  https://t.co/mnzUPtLTsf #Pertamina #Petani #nelayan #bbm #MyPertamina #beritagemapos @pertamina",GEMA POS,0,0
99,2022-07-08 03:27:48,"SPBU Terbakar Pada 1 Juli 2022 Karena Pembayaran Pakai HP‚ÄºÔ∏è

Informasi di atas 100% HOAKS‚ùå‚õî

Selengkapnya di;
https://t.co/Aqd4u9eDfo

#hoaks #jalahoaks #mypertamina #pertamina #bbm https://t.co/pGUchpg94i",jalahoaks,2,0
100,2022-07-08 02:29:13,"Soal Peluang Platform Dompet Digital Gabung di MyPertamina, Pertamina dan LinkAja Pilih Bungkam!

#mypertamina #MyPertaminaUnfaedah #LinkAja #Shopee77 #itshappening #kadirseker #EbruCediWedding #tokopediaxbts #7Julio #gojek #‡∏Å‡∏é‡∏Ç‡∏≠‡∏á‡πÅ‡∏£‡∏á‡∏î‡∏∂‡∏á‡∏î‡∏π‡∏îMV #BorisJohnson
 https://t.co/0zsNiHwKUt",DuniaFintech.com,0,0
101,2022-07-08 02:11:09,"Dana PMN Dimanfaatkan Untuk Meningkatkan Kesejahteraan
#mypertamina https://t.co/opXB5DiSTz",Si Nopak,0,0
102,2022-07-08 00:53:04,"Aplikasi MyPertamina Diserbu Pendaftar, KSP: Masyarakat Sudah Paham https://t.co/nr0CjdhmKz #SubsisiBbm #Pertamina #Mypertamina #Bbm",Wahana News Official,0,3
103,2022-07-08 00:17:12,"üòÇüòÇüòÇ Tahun 2005 handphonenya masih jadoel! 
Salah ketik harusnya 2015? Angka 1 dan 0 jauh banget letaknya! 

Buzzer üê∏ tiada dua koplaknya
..
#MyPertaminaUnfaedah
#MyPertamina https://t.co/snh2wDT0B0",Nirma Marina,2,0
104,2022-07-07 17:24:09,"Keempat, ayo berani gak pasang stiker gede dikaca belakang mobil ‚Äúmobil ini menggunakan BBM pertamax‚Äù jadi tinggal kuat kuatan malu aja kalo diantrian ngisi pertalite. Oia itu semua hanya contoh ide. Anti mainstream saja. üòÄüòÄ#MyPertamina",ELsapek,0,0
105,2022-07-07 17:24:08,"Ketiga, ketika strata sosial, orang ingin dianggap mampu, tapi kemudian saat di SPBU antri di antrian pertalite, maka label mampu itu sendiri otomatis hilang. #MyPertamina",ELsapek,0,0
106,2022-07-07 17:24:07,"Kedua, hampir setiap pemilik mobil pasti punya motor, sebaliknya tidak semua pemilik motor punya mobil. Jadi bisa donk pemilik mobil adalah kalangan mampu. #MyPertamina",ELsapek,0,0
107,2022-07-07 17:24:07,"Pembatasan pembelian BBM bersubsidi, cek data populasi terbanyak mobil merek apa coba? Avanza Xenia khan? Nah ambil data surveyor, kalo bener mereka konsumsi pertalite, berarti kedua jenis itu yang harusnya dibatasi. Harus konsumsi pertamax. #MyPertamina",ELsapek,0,0
108,2022-07-07 15:56:33,"https://t.co/356XL8HPFE
Pada tahu dong aplikasi myPertamina untuk membeli BBM? Kebijakan ini mendapat sambutan negatif dari netizen sob. Salah satunya ada konten viral tentang dua orang pria yang ""memancal"" motornya. PEnasaran? SImak di video ini.
#myPertamina #BBM #Viral #MMC",candra palupi,1,0
109,2022-07-07 14:31:37,"Konten viral kreatifitas pemuda  imbas bbm ribet?
Jelasnya simak deh Sob... https://t.co/SmvzLHYQqS
#MyPertamina 
#BBM
#Viral
#Ribet
#IslamKaffah",Ibu Muslimah,0,0
110,2022-07-07 14:24:14,"Bbm bisa gratis ? Bagaimana bisa ya... Sob..Coba deh simak di 
Mmc millenials https://t.co/JXRr6RraNr
#MyPertamina 
#BBM 
#Viral 
#IslamKaffah",Bundapembelajar,0,0
111,2022-07-07 14:19:47,"Apakah bener akar masalah bbm krn subsidi tidak sasaran.Kepoin yuk...Sob 
Mmc millenials
 https://t.co/iFgU4dcYvA
#MyPertamina 
#BBM 
#Viral
#IslamKaffah",Alamanda,0,0
112,2022-07-07 12:59:54,"Ada tanggapan ngk dari kalian soalan pembelian BBM pakai aplikasi katanya transaksi BBM ribet kalau pakai cara itu. Atau kalian setuju ajaa pembelian pakai aplikasi?
Nah nonton MMC Millenials aja dulu
https://t.co/9Z4lpGwo1p
#Islam #IslamKaffah #Mypertamina",hello,0,0
113,2022-07-07 12:56:46,"Kebijakan baruu terkait pemakaian aplikasi untuk beli BBM, baru aja kebijakan ini keluar udah ada respon negatif katanya Transaksi BBM ribet.
Video nya dari MMC Millenials
ya, link nya nih 
https://t.co/DmCmUNuRU8
#Islam #IslamKaffah #Mypertamina",nhfaiqah,0,0
114,2022-07-07 12:52:37,"Ada yang tau aplikasi myPertamina? Menurut kalian itu akan mempermudah atau mempersulit, jadinya transaksi BBM ribet..
Kalau mau nonton, video nya dari MMC Millenials. Klik aja link nyaa
https://t.co/oeD5UcYg1c
#Islam #IslamKaffah #Mypertamina",embunsenja,0,0
115,2022-07-07 12:49:23,"Gimana ya kalau pembelian BBM sudah pakai aplikasi..  kayanya  Transaksi BBM ribet kalau harus pakai itu. Menurut kalian gmna?

Video  dari MMC Millenials, klik aja..
https://t.co/UHB0ozapXd
#Islam #IslamKaffah #Mypertamina",tentangkita,0,0
116,2022-07-07 12:47:42,"Kriteria Sepeda Motor Dilarang Beli Pertalite, Apakah Motor Anda Termasuk? https://t.co/svvjxcS6Aw 
#MyPertamina #AplikasiPintu #jenissepedamotordilarangbelipertalite #MyPertaminaUnfaedah #aplikasiuntuksemua #BBM #Solar #pertalite #Pertamina #SubsidiTepatSasaran #InfoLoker #news",Dialektika.id,1,1
117,2022-07-07 12:46:53,"Ada yang tau soal gimana cara beli BBM yang terbaru, katanya lewat aplikasi gitu? Apakah Transaksi BBM ribet kalaunya kita pakai itu?
Video nya dari MMC Millenials, video tinggal klik ajaa
https://t.co/x10rd11I7k
#Islam #IslamKaffah #Mypertamina",Mell,0,0
118,2022-07-07 12:05:48,"Menurut kawan-kawan, apa sih yang membuat rating MyPertamina terus turun?

#gagasnyala #dayasetara #amanatinstitute #indonesia #politik #mypertamina #pertamina #playstore #buzzer #pertalite #Solar",amanatinstitute,0,0
119,2022-07-07 11:45:45,"Habis PHK Massal Karyawan, LinkAja Menang Banyak untuk Pengguna MyPertamina

#LinkAja #MyPertamina #Shopee77 #MyPertaminaUnfaedah #itshappening #BorisJohnson #Mamkhize #HappyBirthdayDhoni #yrkkh #TTBKapatƒ±lsƒ±n #MileApo #Chelsea #MSDhoni #NCT127 #matura
 https://t.co/OpmznspCVO",DuniaFintech.com,0,0
